"DESCRIPTION","DURATION IN MS","NAME","PARENT SUITE","START TIME","STATUS","STOP TIME","SUB SUITE","SUITE","TEST CLASS","TEST METHOD"
"","1972","TC-16 removing the only product leaves the cart empty, not stale","chromium","2026-10-10","passed","2026-10-10","Cart","tests/cart/cart.spec.ts","",""
"","2532","TC-13 a brand narrows the catalogue to that brand","webkit","2026-10-10","passed","2026-10-10","Catalogue","tests/products/products.spec.ts","",""
"","544","TC-09 a product page states everything a buyer decides on","chromium","2026-10-10","passed","2026-10-10","Catalogue","tests/products/products.spec.ts","",""
"","545","TC-20 a visitor can subscribe from the cart page","chromium","2026-10-10","passed","2026-10-10","Cart","tests/cart/cart.spec.ts","",""
"","1","TC-21 the scroll up control returns the visitor to the top","webkit","2026-10-10","skipped","2026-10-10","Home","tests/home/home.spec.ts","",""
"","9585","TC-06 an existing account can log in and log out again","chromium","2026-10-10","passed","2026-10-10","Account","tests/auth/auth.spec.ts","",""
"","15510","TC-05 the wrong password is refused and no session is created","webkit","2026-10-10","passed","2026-10-10","Account","tests/auth/auth.spec.ts","",""
"","15824","TC-07 registering an email that already exists is refused","webkit","2026-10-10","passed","2026-10-10","Account","tests/auth/auth.spec.ts","",""
"","1926","TC-12 a category narrows the catalogue to that category","chromium","2026-10-10","passed","2026-10-10","Catalogue","tests/products/products.spec.ts","",""
"","10988","TC-03 a product from the recommended row reaches the cart","webkit","2026-10-10","passed","2026-10-10","Home","tests/home/home.spec.ts","",""
"","2654","TC-14 two products added from the grid both arrive in the cart","chromium","2026-10-10","passed","2026-10-10","Cart","tests/cart/cart.spec.ts","",""
"","3219","TC-10 search narrows the catalogue rather than returning all of it","webkit","2026-10-10","passed","2026-10-10","Catalogue","tests/products/products.spec.ts","",""
"","4250","TC-02 a visitor can subscribe from the footer","webkit","2026-10-10","passed","2026-10-10","Home","tests/home/home.spec.ts","",""
"","767","TC-18 the contact form submits and confirms","chromium","2026-10-10","passed","2026-10-10","Contact and reviews","tests/contact/contact.spec.ts","",""
"","744","TC-08 the products page lists the catalogue","chromium","2026-10-10","passed","2026-10-10","Catalogue","tests/products/products.spec.ts","",""
"","2514","TC-01 the landing page renders its carousel, catalogue and categories","webkit","2026-10-10","passed","2026-10-10","Home","tests/home/home.spec.ts","",""
"","1556","TC-15 the quantity chosen on the product page is the quantity in the cart","chromium","2026-10-10","passed","2026-10-10","Cart","tests/cart/cart.spec.ts","",""
"","3642","TC-18 the contact form submits and confirms","webkit","2026-10-10","passed","2026-10-10","Contact and reviews","tests/contact/contact.spec.ts","",""
"","3689","TC-08 the products page lists the catalogue","webkit","2026-10-10","passed","2026-10-10","Catalogue","tests/products/products.spec.ts","",""
"","8276","TC-03 a product from the recommended row reaches the cart","chromium","2026-10-10","passed","2026-10-10","Home","tests/home/home.spec.ts","",""
"","938","TC-11 a search that matches nothing says so rather than showing everything","chromium","2026-10-10","passed","2026-10-10","Catalogue","tests/products/products.spec.ts","",""
"","0","TC-21 the scroll up control returns the visitor to the top","chromium","2026-10-10","skipped","2026-10-10","Home","tests/home/home.spec.ts","",""
"","6323","TC-17 the cart survives navigating away and back","webkit","2026-10-10","passed","2026-10-10","Cart","tests/cart/cart.spec.ts","",""
"","683","TC-19 a review can be left against a product","chromium","2026-10-10","passed","2026-10-10","Contact and reviews","tests/contact/contact.spec.ts","",""
"","1993","TC-19 a review can be left against a product","webkit","2026-10-10","passed","2026-10-10","Contact and reviews","tests/contact/contact.spec.ts","",""
"","3725","TC-04 a new visitor can register and is greeted by name","chromium","2026-10-10","passed","2026-10-10","Account","tests/auth/auth.spec.ts","",""
"","6809","TC-16 removing the only product leaves the cart empty, not stale","webkit","2026-10-10","passed","2026-10-10","Cart","tests/cart/cart.spec.ts","",""
"","12274","TC-04 a new visitor can register and is greeted by name","webkit","2026-10-10","passed","2026-10-10","Account","tests/auth/auth.spec.ts","",""
"","1828","TC-09 a product page states everything a buyer decides on","webkit","2026-10-10","passed","2026-10-10","Catalogue","tests/products/products.spec.ts","",""
"","1106","TC-10 search narrows the catalogue rather than returning all of it","chromium","2026-10-10","passed","2026-10-10","Catalogue","tests/products/products.spec.ts","",""
"","7744","TC-14 two products added from the grid both arrive in the cart","webkit","2026-10-10","passed","2026-10-10","Cart","tests/cart/cart.spec.ts","",""
"","964","TC-02 a visitor can subscribe from the footer","chromium","2026-10-10","passed","2026-10-10","Home","tests/home/home.spec.ts","",""
"","18295","TC-06 an existing account can log in and log out again","webkit","2026-10-10","passed","2026-10-10","Account","tests/auth/auth.spec.ts","",""
"","4121","TC-15 the quantity chosen on the product page is the quantity in the cart","webkit","2026-10-10","passed","2026-10-10","Cart","tests/cart/cart.spec.ts","",""
"","7340","TC-05 the wrong password is refused and no session is created","chromium","2026-10-10","passed","2026-10-10","Account","tests/auth/auth.spec.ts","",""
"","3948","TC-11 a search that matches nothing says so rather than showing everything","webkit","2026-10-10","passed","2026-10-10","Catalogue","tests/products/products.spec.ts","",""
"","7511","TC-07 registering an email that already exists is refused","chromium","2026-10-10","passed","2026-10-10","Account","tests/auth/auth.spec.ts","",""
"","1144","TC-13 a brand narrows the catalogue to that brand","chromium","2026-10-10","passed","2026-10-10","Catalogue","tests/products/products.spec.ts","",""
"","1918","TC-20 a visitor can subscribe from the cart page","webkit","2026-10-10","passed","2026-10-10","Cart","tests/cart/cart.spec.ts","",""
"","4723","TC-12 a category narrows the catalogue to that category","webkit","2026-10-10","passed","2026-10-10","Catalogue","tests/products/products.spec.ts","",""
"","895","TC-01 the landing page renders its carousel, catalogue and categories","chromium","2026-10-10","passed","2026-10-10","Home","tests/home/home.spec.ts","",""
"","2279","TC-17 the cart survives navigating away and back","chromium","2026-10-10","passed","2026-10-10","Cart","tests/cart/cart.spec.ts","",""
